<?xml version="1.0" encoding="UTF-8"?>
<project-private xmlns="http://www.netbeans.org/ns/project-private/1">
    <editor-bookmarks xmlns="http://www.netbeans.org/ns/editor-bookmarks/2" lastBookmarkId="0"/>
    <open-files xmlns="http://www.netbeans.org/ns/projectui-open-files/2">
        <group>
            <file>file:/R:/ventaScooter/src/ventascooter/Empleado.java</file>
            <file>file:/R:/ventaScooter/src/ventascooter/Puesto.java</file>
            <file>file:/R:/ventaScooter/src/ventascooter/Empresa.java</file>
            <file>file:/R:/ventaScooter/src/ventascooter/VentaScooter.java</file>
        </group>
    </open-files>
</project-private>
